[
  {
    "blockId": "6c9bb4e1-4700-439d-beee-074f412a643d",
    "signedBlockId": "NHSj3z7ZqCX3tjEbSCVAiUjuNCOhyVfbLIv3CNau7GT+rjdw80Mrtegr5X2GFtWgM+8Rbthrv+m1V7d05julfpcg9XiFFOAKudhk0koymsGvFxmANU3OA03FHWRC01zDuYF4zHF/E9DXuWzEwBCjZ0pAJ9TgRdN1Z5amcRa0VxA\u003d",
    "firstName": "Joe",
    "lastName": "DiMaggio",
    "birthDate": "1914.11.25",
    "ssn": "111-22-3333",
    "diagnosis": "SoreKnees",
    "treatment": "RestFromSports",
    "prescription": "Aspirin",
    "randomSeed": "34Z65XCF05",
    "hash": "0001b70a317dcb3a9387fff975d1a0a8ee23920bced994cce288df81ee533620",
    "createdAtTimestamp": "2020-07-19.09:10:14.247.2",
    "verifiedAtTimestamp": "2020-07-19.09:10:17.273",
    "blockNumber": 12,
    "creationProcessId": 2,
    "verifyingProcessId": 0
  },
  {
    "blockId": "5ca6c178-af70-4d0e-b5a1-aacfb8c37e3c",
    "signedBlockId": "E7pz0bJyvI62hMwUSXfYJX4gVWLUMfy7N+E1AtpjYNzJYL+9Cg+bhJ2TbKopsnX1wrJDmv/Wo4AQv54FEEX9ygPhaYTh317JHtWR3z5kTnkrrIAdbYygZLZXYAYTMEOo7RffOSE2/TAb3NcYcMhNeCDpnlsqobps2BUvCFmNvEU\u003d",
    "firstName": "Bruce",
    "lastName": "Lee",
    "birthDate": "1940.11.27",
    "ssn": "456-789-123",
    "diagnosis": "SoreStomach",
    "treatment": "LessCombat",
    "prescription": "Vicodine",
    "randomSeed": "C35S0QWETP",
    "hash": "00010e578cb3b569f3861140899363ec2a5a1d8aed845471abc2622f5ce9fa16",
    "createdAtTimestamp": "2020-07-19.09:10:14.223.1",
    "verifiedAtTimestamp": "2020-07-19.09:10:17.100",
    "blockNumber": 11,
    "creationProcessId": 1,
    "verifyingProcessId": 1
  },
  {
    "blockId": "2378c611-bf32-4130-bf70-03f6c3f35d1e",
    "signedBlockId": "iLWZeutEfKdvXRyPjkn23sJ9KjweNcVUiJ4GIAf1GILr38HEVhCdFRV8PahnutinYTWf2Lx5No+85T5+UvxfVsPISdqcqemaXVFVzwK8R+eXeSgy/MG/S+QJPENjvFNfvTIMi0gIz1pGZJyWUD7/+T1H+HTSKCfmwco/hoA1H/4\u003d",
    "firstName": "Wayne",
    "lastName": "Blaine",
    "birthDate": "1942.07.07",
    "ssn": "123-45-6777",
    "diagnosis": "Measles",
    "treatment": "WaitToGetBetter",
    "prescription": "CodLiverOil",
    "randomSeed": "8D3RIK4H1A",
    "hash": "00015d75d52517095d682b3577b8fa527ba8e6b62888945b076faa1f45d55f30",
    "createdAtTimestamp": "2020-07-19.09:10:14.167.0",
    "verifiedAtTimestamp": "2020-07-19.09:10:17.034",
    "blockNumber": 10,
    "creationProcessId": 0,
    "verifyingProcessId": 2
  },
  {
    "blockId": "ef0eb6dd-6820-4d58-a228-71de447740ea",
    "signedBlockId": "AEX6vj5IdkVUAdftW5HtUZ2t5Sm6j/ekNJMATxncuyAzep2cl6zBftQIyqyv3gVJ5EyHaG/4QXR2X7IenOQKywibjm95seEP4cqdHDHi7jm1mAwGY+bsq3l57lRIEl0gk0xa/gHXaH36wKtUC6y2KMVRBTvZVWuZdYexZcCXUhA\u003d",
    "firstName": "John",
    "lastName": "Kennedy",
    "birthDate": "1917.05.29",
    "ssn": "333-45-6999",
    "diagnosis": "AddisonsDisease",
    "treatment": "DrugTherapy",
    "prescription": "Steroids",
    "randomSeed": "N0N2M3A666",
    "hash": "00013375cf53aca0898c13c12b3c36154b2c1161505ce145c089ce2a38b66d20",
    "createdAtTimestamp": "2020-07-19.09:10:14.144.2",
    "verifiedAtTimestamp": "2020-07-19.09:10:16.968",
    "blockNumber": 9,
    "creationProcessId": 2,
    "verifyingProcessId": 1
  },
  {
    "blockId": "96d1df8a-8589-446d-9522-c9a9ea305bf1",
    "signedBlockId": "gTDYkOKcSvvHOja1dcyfcpnJDOywFGt47l4tWKJKhTnwIRm6by4o/5h8w1psPD2do9V0eKqa0H+lpo5WlEgiMt+CRc0ApzWBkiD3I4uyfe8rJqFAYJtGk7vx06bxglDChs+kXrjnfsYk8fLDNWn6KEXTv2TU/6/FaEEYrc405Pg\u003d",
    "firstName": "Sally",
    "lastName": "McCutty",
    "birthDate": "1970.01.01",
    "ssn": "123-456-999",
    "diagnosis": "Migraine",
    "treatment": "IcePack",
    "prescription": "Almotriptan",
    "randomSeed": "8VVZ4JXWGF",
    "hash": "0001c6d71f57bd49c63deefae85cbf7052e0da0e77ed222020fe0a8a0ffe74be",
    "createdAtTimestamp": "2020-07-19.09:10:14.120.1",
    "verifiedAtTimestamp": "2020-07-19.09:10:16.844",
    "blockNumber": 8,
    "creationProcessId": 1,
    "verifyingProcessId": 2
  },
  {
    "blockId": "5b2e861a-306a-4c3d-bcbd-9632f10f0d36",
    "signedBlockId": "IP/feW/lAghV5rCNZYkuQZWH4myhwPCVrTJLPEgIfjlqNh4PQ1si8mxcLW7xmE9r1CLki7Q5PHuNZiKZVMsUJU35LlqMD45g0zRQwvM5J2IWtuhcNUf+SPYF3lUcSU17RUO96m7bRbrnb0J37FEJKEl9DYuqJLT1ozVAtRXKdnA\u003d",
    "firstName": "Julie",
    "lastName": "Wilson",
    "birthDate": "1996.03.07",
    "ssn": "123-45-6999",
    "diagnosis": "Insomnia",
    "treatment": "Exercise",
    "prescription": "HotPeppers",
    "randomSeed": "1XH22D7DK2",
    "hash": "0001b61a3034ab3c38d97042c5b4b40be779a59a8579e76a60f07189ab555573",
    "createdAtTimestamp": "2020-07-19.09:10:14.063.0",
    "verifiedAtTimestamp": "2020-07-19.09:10:16.618",
    "blockNumber": 7,
    "creationProcessId": 0,
    "verifyingProcessId": 0
  },
  {
    "blockId": "b0aec045-32bd-4a4e-a819-efada7e42ce2",
    "signedBlockId": "VkjGun8MYnWOpXFY5bclcR9fbNFGLfS5A2WVcbo5HC7YDfBK8yiz82CqILKcNH0Qq0crOCEz8DVwX/sqZEPXUQDDFcvaRCt9l9zQXT6iLQfHrH5afvOuo7xX4YtkCPCYnIaKbycNXLq6QRDRZ7o8dMCW0PnxvON7x/r/yVoj5T4\u003d",
    "firstName": "Abraham",
    "lastName": "Lincoln",
    "birthDate": "1809.02.12",
    "ssn": "444-45-6888",
    "diagnosis": "GreviousWound",
    "treatment": "Surgery",
    "prescription": "Whiskey",
    "randomSeed": "7LG58NPYVX",
    "hash": "0001356c632bdd41c6af43b54a02133ef4edceb6fde4742b26f8a27155ad99a8",
    "createdAtTimestamp": "2020-07-19.09:10:14.042.2",
    "verifiedAtTimestamp": "2020-07-19.09:10:16.211",
    "blockNumber": 6,
    "creationProcessId": 2,
    "verifyingProcessId": 0
  },
  {
    "blockId": "a5f3ed17-96d7-4e5c-ae25-a843bbce7859",
    "signedBlockId": "C2fhQfBJThVtH50+ZajcPeTwUQnBZT7w1HE03kY0rCvfCe/+l3ODT3+TY/F9OHMXac63EcIw35nllhHRxBYn8hcpOIzylyAigpuXUtSsD/P5B98SPF9aQA0y+0ZJFTlWM4zW4VIWOKauHSCpnngSflPsgiK+pcpjzOq60yF3PgQ\u003d",
    "firstName": "Wei",
    "lastName": "Xu",
    "birthDate": "1996.03.22",
    "ssn": "123-456-333",
    "diagnosis": "Shingles",
    "treatment": "WaitForRelief",
    "prescription": "Zovirax",
    "randomSeed": "GRD3SEWS9U",
    "hash": "000158c269afbbd1eb24436990c3351f2bfdbb855aa13c226cf864992b1d104e",
    "createdAtTimestamp": "2020-07-19.09:10:14.018.1",
    "verifiedAtTimestamp": "2020-07-19.09:10:16.191",
    "blockNumber": 5,
    "creationProcessId": 1,
    "verifyingProcessId": 0
  },
  {
    "blockId": "343e2213-1b66-4b27-a65a-9e30e1ff71d1",
    "signedBlockId": "CpHjbdk8HcgOTj7C+9W6iX535Pr6H5YCE6z7maVK+CgPCBL5iC+SNbc3+prV6eiNwTtQP5NRfnIydvfQaYV76KcGesnvFTlo3XnLwc0U+vru6I/sR+UEO3fMZk+uZklKV00lEFGO6UECpd4wZHaf7HbCjTmLR0otFK1y9QI5yIQ\u003d",
    "firstName": "Joe",
    "lastName": "Blow",
    "birthDate": "1996.03.07",
    "ssn": "123-45-6888",
    "diagnosis": "Smallpox",
    "treatment": "BedRest",
    "prescription": "Whiskey",
    "randomSeed": "FIXA9MNEOO",
    "hash": "00010208da3d88d497ea38a71f21aaf38bc8c902a17a266cb3561e46809e1c99",
    "createdAtTimestamp": "2020-07-19.09:10:13.960.0",
    "verifiedAtTimestamp": "2020-07-19.09:10:16.153",
    "blockNumber": 4,
    "creationProcessId": 0,
    "verifyingProcessId": 0
  },
  {
    "blockId": "affccfb6-a2cb-424c-b63c-213bae117999",
    "signedBlockId": "ivMFFcbU269BjDjpXDmXvs2tHQCgsT8U0Ex3VNPUpS4wS7gI6mBBamFBEzgzVfe5dU2JJjuIxeFZBpoCFxG4lKY+XZINzhMRSmFY5qpF9qh3uOzBveudAr23AT6fJuNZHjFPGYFpLhs2xIw+ju04pklazEWiyq+uWv7cYfdI2UE\u003d",
    "firstName": "Helen",
    "lastName": "Keller",
    "birthDate": "1880.06.27",
    "ssn": "666-45-6789",
    "diagnosis": "Arthritis",
    "treatment": "WarmCloths",
    "prescription": "Aspirin",
    "randomSeed": "ZF03R4CG8F",
    "hash": "0001868fac291ea579a8e21e3cd6792247939cb5ad90bc553258f304cddad0c0",
    "createdAtTimestamp": "2020-07-19.09:10:13.936.2",
    "verifiedAtTimestamp": "2020-07-19.09:10:16.061",
    "blockNumber": 3,
    "creationProcessId": 2,
    "verifyingProcessId": 2
  },
  {
    "blockId": "7347b280-f616-47a6-b8ab-dfab24fdd0ef",
    "signedBlockId": "CwvpIQq34E4ac2Aj4t2wy3viDFuupPZPcnQcYfKHD2L9mzjh9sYCoAaiuvHcFPzMsOxYUv/tIITlo4zXsEZo3VpdiQr1dOLyRHc2YaNBLWAuRaR3g8dGE8tJvBTUtflL7wutMZ8Q3AAaZGllcrPlQnvBqfVmCcfJZkNjFDONIIc\u003d",
    "firstName": "Rita",
    "lastName": "Vita",
    "birthDate": "1992.01.31",
    "ssn": "999-456-789",
    "diagnosis": "ObessivePersonality",
    "treatment": "TryToRelax",
    "prescription": "Ibuprofen",
    "randomSeed": "PZH0099QQP",
    "hash": "0001d0e95428659df776f9b753a16fe5bd428ea456dea76b14ade6f71fb63245",
    "createdAtTimestamp": "2020-07-19.09:10:13.912.1",
    "verifiedAtTimestamp": "2020-07-19.09:10:15.782",
    "blockNumber": 2,
    "creationProcessId": 1,
    "verifyingProcessId": 1
  },
  {
    "blockId": "80526244-9cf4-41bf-99c5-ca55462f4d73",
    "signedBlockId": "Fiv/BKgb1gqROh2GJm7v+OuPdlOIYXA0CLZH/zx8rwJwOFCTY8PNo49W3EyVLQ/KXw37rUILcMrU8LaQYApurYoZKM1uB5Y+WWIHVqNn2t3O8GO6Gmryx+pRoMjt+hK0xugsDWHHrc+uwHSw8fhCqki4j32KQIN+RgUQFpIoMsw\u003d",
    "firstName": "John",
    "lastName": "Smith",
    "birthDate": "1996.03.07",
    "ssn": "123-45-6789",
    "diagnosis": "Chickenpox",
    "treatment": "BedRest",
    "prescription": "aspirin",
    "randomSeed": "6MBC3V17PT",
    "hash": "000156c73276c0db5f1340418c037e945290b314420e12e1c0de50dc6ba402c9",
    "createdAtTimestamp": "2020-07-19.09:10:13.854.0",
    "verifiedAtTimestamp": "2020-07-19.09:10:15.529",
    "blockNumber": 1,
    "creationProcessId": 0,
    "verifyingProcessId": 2
  },
  {
    "createdAtTimestamp": "0000-00-00.00:00.000.0",
    "blockNumber": 0,
    "creationProcessId": 0,
    "verifyingProcessId": 0
  }
]